"Course","Course code","Subject","Subject code"
"Administration – specialisering","ADMADM00S","Administration","ADM"
"Administration 1","ADMADM01","Administration","ADM"
"Administration 2","ADMADM02","Administration","ADM"
"Personaladministration","ADMPER0","Administration","ADM"
"Receptions- och konferensservice","ADMREC0","Administration","ADM"
"Affärskommunikation","AFFAFÄ00S","Affärskommunikation","AFF"
"Aktiviteter och upplevelser","AKTAKT0","Aktiviteter och värdskap","AKT"
"Besöksnäringen","AKTBEO0","Aktiviteter och värdskap","AKT"
"Guide och reseledare","AKTGUI0","Aktiviteter och värdskap","AKT"
"Turistbyråservice","AKTTUR0","Aktiviteter och värdskap","AKT"
"Värdskap på resmålet","AKTVAR0","Aktiviteter och värdskap","AKT"
"Anatomi och fysiologi 1","ANOANA01","Anatomi och fysiologi","ANO"
"Anatomi och fysiologi 2","ANOANA02","Anatomi och fysiologi","ANO"
"Animation – specialisering","ANIANI00S","Animation","ANI"
"Animation 1","ANIANI01","Animation","ANI"
"Animation 2","ANIANI02","Animation","ANI"
"Anläggning – gröna ytor","ANLANL0","Anläggning","ANL"
"Anläggning – ledningsbyggnad","ANLANÄ0","Anläggning","ANL"
"Anläggning – stensättning","ANLANG0","Anläggning","ANL"
"Anläggning – vägbyggnad","ANLANN0","Anläggning","ANL"
"Anläggning 1","ANLANL01","Anläggning","ANL"
"Anläggning 2","ANLANL02","Anläggning","ANL"
"Anläggningsprocessen","ANLANS0","Anläggning","ANL"
"Anläggningsförare – process","ANAANL0","Anläggningsförare","ANA"
"Anläggningsförare 1","ANAANA01","Anläggningsförare","ANA"
"Anläggningsförare 2","ANAANA02","Anläggningsförare","ANA"
"Anläggningsförare 3","ANAANA03","Anläggningsförare","ANA"
"Anläggningsförare 4","ANAANA04","Anläggningsförare","ANA"
"Arkitektur – hus","ARKARK0","Arkitektur","ARK"
"Arkitektur – rum","ARKARI0","Arkitektur","ARK"
"Artificiell intelligens 1","ARTART01","Artificiell intelligens","ART"
"Artificiell intelligens 2","ARTART02","Artificiell intelligens","ART"
"ATV och motorcykel","ATOATV0","ATV- och motorcykelteknik","ATO"
"Allmän automationsteknik","AUOALL0","Automatiserade system","AUO"
"Avhjälpande och förebyggande underhåll","AUOAVH0","Automatiserade system","AUO"
"Bageri – specialisering","BAGBAG00S","Bageri- och konditorikunskap","BAG"
"Bageri 1","BAGBAG01","Bageri- och konditorikunskap","BAG"
"Bageri 2","BAGBAG02","Bageri- och konditorikunskap","BAG"
"Bageri 3","BAGBAG03","Bageri- och konditorikunskap","BAG"
"Bageri 4","BAGBAG04","Bageri- och konditorikunskap","BAG"
"Choklad och konfektyr","BAGCHO0","Bageri- och konditorikunskap","BAG"
"Konditori – specialisering","BAGKON00S","Bageri- och konditorikunskap","BAG"
"Konditori 1","BAGKON01","Bageri- och konditorikunskap","BAG"
"Konditori 2","BAGKON02","Bageri- och konditorikunskap","BAG"
"Konditori 3","BAGKON03","Bageri- och konditorikunskap","BAG"
"Konditori 4","BAGKON04","Bageri- och konditorikunskap","BAG"
"Banskötsel för hästsport","BANBAN0","Banskötsel för hästsport","BAN"
"Barn- och ungdomshälsa","BAOBAR0","Barn- och ungdomsvård","BAO"
"Barn- och ungdomssjukvård","BAOBAN0","Barn- och ungdomsvård","BAO"
"Beläggning","BELBEL0","Beläggning","BEL"
"Beläggningsarbeten","BELBEÄ0","Beläggning","BEL"
"Beläggningsmaskiner","BELBEG0","Beläggning","BEL"
"Bergarbeten","BERBER0","Berghantering","BER"
"Bergborrning","BERBEB0","Berghantering","BER"
"Bergmaskiner","BERBEM0","Berghantering","BER"
"Bergsprängning","BERBEP0","Berghantering","BER"
"Betong 1 – lågform och platta på mark","BETBET01","Betong","BET"
"Betong 2 – väggar och pelare","BETBET02","Betong","BET"
"Betong 3 – bärlag","BETBET03","Betong","BET"
"Betong 4 – golv","BETBET04","Betong","BET"
"Bild","BILBIL0","Bild","BIL"
"Bild och form – specialisering","BILBIL00S","Bild","BIL"
"Bild och form 1a1","BILBIL01a1","Bild","BIL"
"Bild och form 1a2","BILBIL01a2","Bild","BIL"
"Bild och form 1b","BILBIL01b","Bild","BIL"
"Form","BILFOM0","Bild","BIL"
"Bildteori","BIDBIT0","Bildteori","BID"
"Biodling","BINBIO0","Biodling","BIN"
"Biologi 1","BIOBIO01","Biologi","BIO"
"Biologi 2","BIOBIO02","Biologi","BIO"
"Bioteknik","BIOBIT0","Biologi","BIO"
"Bevarandebiologi","BIGBEA0","Biologi – naturbruk","BIG"
"Biologi – naturbruk – specialisering","BIGBIG00S","Biologi – naturbruk","BIG"
"Djurens biologi","BIGDJE0","Biologi – naturbruk","BIG"
"Marken och växternas biologi","BIGMAN0","Biologi – naturbruk","BIG"
"Biologi i vattenmiljöer 1","BIIVAT01","Biologi i vattenmiljöer","BII"
"Biologi i vattenmiljöer 2","BIIVAT02","Biologi i vattenmiljöer","BII"
"Biologi i vattenmiljöer 3","BIIVAT03","Biologi i vattenmiljöer","BII"
"Akut omhändertagande","BEVAKU0","Brand, bevakning och säkerhet","BEV"
"Bevakning och säkerhet","BEVBEV0","Brand, bevakning och säkerhet","BEV"
"Brand och räddning","BEVBRA0","Brand, bevakning och säkerhet","BEV"
"Vardagsolyckor","BEVVAR0","Brand, bevakning och säkerhet","BEV"
"Bussteknik","BUSBUS0","Bussteknik","BUS"
"Bygg och anläggning 1","BYGBYG01","Bygg och anläggning","BYG"
"Bygg och anläggning 2","BYGBYG02","Bygg och anläggning","BYG"
"Byggstyrning","BYPBYG0","Byggproduktionsledning","BYP"
"Planering före byggstart","BYPPLA0","Byggproduktionsledning","BYP"
"Rit- och mätningsteknik","BYPRIT0","Byggproduktionsledning","BYP"
"Kustnavigation och säkerhet","BATKUS0","Båtkunskap","BAT"
"Skärgårdsnavigation","BATSKA0","Båtkunskap","BAT"
"Cad – specialisering","CADCAD00S","Cad","CAD"
"Cad 1","CADCAD01","Cad","CAD"
"Cad 2","CADCAD02","Cad","CAD"
"Cad 3","CADCAD03","Cad","CAD"
"Charkuteri – specialisering","CHACHA00S","Charkuterikunskap","CHA"
"Charkuteri 1","CHACHA01","Charkuterikunskap","CHA"
"Charkuteri 2","CHACHA02","Charkuterikunskap","CHA"
"Charkuteri 3","CHACHA03","Charkuterikunskap","CHA"
"Charkuteri 4","CHACHA04","Charkuterikunskap","CHA"
"Akrobatik","CIRAKR00S","Cirkus","CIR"
"Cirkus 1","CIRCIR01S","Cirkus","CIR"
"Cirkus 2","CIRCIR02S","Cirkus","CIR"
"Dansgestaltning 1","DANDAN01","Dansgestaltning","DAN"
"Dansgestaltning 2","DANDAN02","Dansgestaltning","DAN"
"Dansimprovisation","DANDAS0","Dansgestaltning","DAN"
"Dansimprovisation och komposition","DANDAI0","Dansgestaltning","DAN"
"Koreografi","DANKOO0","Dansgestaltning","DAN"
"Repertoar","DANREE0","Dansgestaltning","DAN"
"Dansimprovisation och komposition för yrkesdansare – profil klassisk balett","DAGDAS3","Dansgestaltning för yrkesdansare","DAG"
"Dansimprovisation och komposition för yrkesdansare – profil modern nutida dans","DAGDAN3","Dansgestaltning för yrkesdansare","DAG"
"Pas de deux/partnering","DAGPAS3","Dansgestaltning för yrkesdansare","DAG"
"Repertoar för yrkesdansare","DAGREP3","Dansgestaltning för yrkesdansare","DAG"
"Scenisk verksamhet för yrkesdansare","DAGSCE3","Dansgestaltning för yrkesdansare","DAG"
"Dansorientering","DASDAO0","Dansorientering","DAS"
"Dansteknik – specialisering","DATDAN00S","Dansteknik","DAT"
"Dansteknik 1","DATDAS01S","Dansteknik","DAT"
"Dansteknik 2","DATDAS02S","Dansteknik","DAT"
"Dansteknik 3","DATDAS03S","Dansteknik","DAT"
"Dansteknik 4","DATDAS04S","Dansteknik","DAT"
"Dansträning","DATDAR0","Dansteknik","DAT"
"Dansteknik – breddning","DAKDAN3","Dansteknik för yrkesdansare","DAK"
"Dansträning för yrkesdansare","DAKDAS3","Dansteknik för yrkesdansare","DAK"
"Klassisk balett 1a","DAKKLA31a","Dansteknik för yrkesdansare","DAK"
"Klassisk balett 1b","DAKKLA31b","Dansteknik för yrkesdansare","DAK"
"Klassisk balett 2","DAKKLA32","Dansteknik för yrkesdansare","DAK"
"Klassisk balett 3","DAKKLA33","Dansteknik för yrkesdansare","DAK"
"Modern nutida dans 1a","DAKMOD31a","Dansteknik för yrkesdansare","DAK"
"Modern nutida dans 1b","DAKMOD31b","Dansteknik för yrkesdansare","DAK"
"Modern nutida dans 2","DAKMOD32","Dansteknik för yrkesdansare","DAK"
"Modern nutida dans 3","DAKMOD33","Dansteknik för yrkesdansare","DAK"
"Dansteori","DAEDAT0","Dansteori","DAE"
"Datalagring","DAADAT3","Datalagring","DAA"
"Datoriserad mönsterhantering 1","DAIMON01","Datoriserad mönsterhantering","DAI"
"Datoriserad mönsterhantering 2","DAIMON02","Datoriserad mönsterhantering","DAI"
"Dator- och nätverksteknik","DAODAC0","Dator- och kommunikationsteknik","DAO"
"Datorsamordning och support","DAODAT0","Dator- och kommunikationsteknik","DAO"
"Datorteknik 1a","DAODAT01a","Dator- och kommunikationsteknik","DAO"
"Datorteknik 1b","DAODAT01b","Dator- och kommunikationsteknik","DAO"
"Digital kommunikationsteknik","DAODIG0","Dator- och kommunikationsteknik","DAO"
"Industriell informationsteknik","DAOINU0","Dator- och kommunikationsteknik","DAO"
"Multimediasystem","DAOMUL0","Dator- och kommunikationsteknik","DAO"
"Cad/cam","DARCAD0","Datorstyrd produktion","DAR"
"Datorstyrd produktion 1","DARDAT01S","Datorstyrd produktion","DAR"
"Datorstyrd produktion 2","DARDAT02","Datorstyrd produktion","DAR"
"Datorstyrd produktion 3","DARDAT03","Datorstyrd produktion","DAR"
"Datorstyrd produktion 4","DARDAT04","Datorstyrd produktion","DAR"
"Datorstyrd produktion 5","DARDAT05","Datorstyrd produktion","DAR"
"Datorstyrd produktion 6","DARDAT06","Datorstyrd produktion","DAR"
"Programmerbara datorsystem – spårfordon","DAYPRO0","Datorsystem – spårfordon","DAY"
"Design 1","DESDES01","Design","DES"
"Design 2","DESDES02","Design","DES"
"Designmodeller","DESDES0","Design","DES"
"Digitalt skapande 1","DIGDIG01","Digitalt skapande","DIG"
"Digitalt skapande 2","DIGDIG02","Digitalt skapande","DIG"
"Djur – specialisering","DJUDJU00S","Djur","DJU"
"Djur i zoohandel","DJUDJI0","Djur","DJU"
"Djuren i naturbruket","DJUDJR0","Djur","DJU"
"Djurhållning","DJUDJH0","Djur","DJU"
"Sällskapsdjur 1","DJUSÄL01","Djur","DJU"
"Sällskapsdjur 2","DJUSÄL02","Djur","DJU"
"Djur för forskningsändamål","DJFDJU0","Djur för forskningsändamål","DJF"
"Djurparksdjur 1","DJPDJU01","Djurparksdjur","DJP"
"Djurparksdjur 2","DJPDJU02","Djurparksdjur","DJP"
"Djurvård inom djurens hälso- och sjukvård 1","DJRDJU01","Djurvård inom djurens hälso- och sjukvård","DJR"
"Djurvård inom djurens hälso- och sjukvård 2","DJRDJU02","Djurvård inom djurens hälso- och sjukvård","DJR"
"Avhjälpande underhåll 1","DRIAVH01","Driftsäkerhet och underhåll","DRI"
"Avhjälpande underhåll 2","DRIAVH02","Driftsäkerhet och underhåll","DRI"
"Underhåll – driftsäkerhet","DRIUND0","Driftsäkerhet och underhåll","DRI"
"Underhåll – elteknik","DRIUNE0","Driftsäkerhet och underhåll","DRI"
"Underhåll – hydraulik","DRIUNR0","Driftsäkerhet och underhåll","DRI"
"Underhåll – hydraulik och pneumatik","DRIUNH0","Driftsäkerhet och underhåll","DRI"
"Underhåll – lager och smörjteknik","DRIUNÅ0","Driftsäkerhet och underhåll","DRI"
"Underhåll – mekatronik","DRIUNL0","Driftsäkerhet och underhåll","DRI"
"Underhåll – pneumatik","DRIUNP0","Driftsäkerhet och underhåll","DRI"
"Underhåll – produktionsmekanik","DRIUNO0","Driftsäkerhet och underhåll","DRI"
"Underhåll – pumpteknik","DRIUNU0","Driftsäkerhet och underhåll","DRI"
"Underhåll – transmissioner och uppriktning","DRIUNT0","Driftsäkerhet och underhåll","DRI"
"Underhåll – vibrationsteknik","DRIUNV0","Driftsäkerhet och underhåll","DRI"
"Barteknik","DRYBAT0","Dryckeskunskap","DRY"
"Drycker","DRYDRY0","Dryckeskunskap","DRY"
"Drycker – specialisering","DRYDRY00S","Dryckeskunskap","DRY"
"Drycker och ansvarsfull alkoholservering","DRYDRC0","Dryckeskunskap","DRY"
"Däckstjänst 1","DACDAC01","Däckstjänst","DAC"
"Däckstjänst 2","DACDAC02","Däckstjänst","DAC"
"Fartygsbefäl","DACFAR0","Däckstjänst","DAC"
"Radiokommunikation till sjöss","DACRAD0","Däckstjänst","DAC"
"Belysningsnät","ELDBEY0","Eldistributionsteknik","ELD"
"Högspänningsnät","ELDHÖG0","Eldistributionsteknik","ELD"
"Lågspänningsnät","ELDLÅS0","Eldistributionsteknik","ELD"
"Nät- och transformatorstationer","ELDNÄT0","Eldistributionsteknik","ELD"
"Nätunderhållsarbete i stadsnät","ELDNÄU0","Eldistributionsteknik","ELD"
"Nätunderhållsarbete i vindkraftnät","ELDNÄN0","Eldistributionsteknik","ELD"
"Nätunderhållsarbete på luftledningsnät 0,4–24kV","ELDNÄD0","Eldistributionsteknik","ELD"
"Elektronik och mikrodatorteknik","ELEELR0","Elektronik","ELE"
"Låg- och högfrekvenskretsar","ELELÅG0","Elektronik","ELE"
"Mikrodatortillämpningar","ELEMIK0","Elektronik","ELE"
"Elektronik – spårfordon","ELNELE0","Elektronik – spårfordon","ELN"
"Elektronikproduktionsteknik","ELKELO0","Elektronikproduktion","ELK"
"Provning och kontrollarbete","ELKPRV0","Elektronikproduktion","ELK"
"Bild- och ljudanläggningar","ELOBID0","Elektroniksystem – installation och underhåll","ELO"
"Kontorstekniksystem","ELOKOT0","Elektroniksystem – installation och underhåll","ELO"
"Trådlösa radiosystem","ELOTRL0","Elektroniksystem – installation och underhåll","ELO"
"Antenn- och kabel-TV-teknik","ELRANT0","Elektroteknik","ELR"
"Data- och medianät","ELRDAA0","Elektroteknik","ELR"
"Elektromekanik","ELRELK0","Elektroteknik","ELR"
"Elkraftteknik","ELRELF0","Elektroteknik","ELR"
"Elementmontering","ELMELM0","Elementmontering","ELM"
"Elkraft och traktion – spårfordon","ELFELK0","Elkraft och traktion – spårfordon","ELF"
"Ellära 1","ELLELL01","Ellära","ELL"
"Ellära 2","ELLELL02","Ellära","ELL"
"Praktisk ellära","ELLPRA0","Ellära","ELL"
"Ellära – spårfordon 1","LLAELL01","Ellära – spårfordon","LLA"
"Ellära – spårfordon 2","LLAELL02","Ellära – spårfordon","LLA"
"Digitalteknik och flyginstrument","ELADIG0","Ellära och digitalteknik – flyg","ELA"
"Ellära – flyg","ELAELL0","Ellära och digitalteknik – flyg","ELA"
"Elmotordrivsystem","ELIELD0","Elmotordrivsystem","ELI"
"Elmätteknik 1","ELÄELM01","Elmätteknik","ELÄ"
"Elmätteknik 2","ELÄELM02","Elmätteknik","ELÄ"
"El- och hybridfordon 1","ELCELO01","El- och hybridfordonsteknik","ELC"
"El- och hybridfordon 2","ELCELO02","El- och hybridfordonsteknik","ELC"
"El- och verkstadsteknik","VERVER0","El- och verkstadsteknik","VER"
"Energiteknik 1","ENEENE01","Energiteknik","ENE"
"Energiteknik 2","ENEENE02","Energiteknik","ENE"
"Förnybar energi","ENEFÖR0","Energiteknik","ENE"
"Vatten- och processkemi","ENEVAE0","Energiteknik","ENE"
"Engelska 5","ENGENG05","Engelska","ENG"
"Engelska 6","ENGENG06","Engelska","ENG"
"Engelska 7","ENGENG07","Engelska","ENG"
"Engelska för döva 5","ENLENE05","Engelska för döva","ENL"
"Engelska för döva 6","ENLENE06","Engelska för döva","ENL"
"Engelska för döva 7","ENLENE07","Engelska för döva","ENL"
"Entreprenörskap","ENTENR0","Entreprenörskap","ENT"
"Estetisk kommunikation 1","ESTEST01","Estetisk kommunikation","EST"
"Estetisk kommunikation 2","ESTEST02","Estetisk kommunikation","EST"
"Estetisk kommunikation 3","ESTEST03","Estetisk kommunikation","EST"
"Eurytmi 1","EUREUR01","Eurytmi","EUR"
"Eurytmi 2","EUREUR02","Eurytmi","EUR"
"Eurytmi 3","EUREUR03","Eurytmi","EUR"
"Eurytmi 4","EUREUR04","Eurytmi","EUR"
"Eventteknik","EVEEVN0","Eventteknik","EVE"
"Ljudproduktionsteknik","EVELJD0","Eventteknik","EVE"
"Ljus- och bildproduktionsteknik","EVELJS0","Eventteknik","EVE"
"Lasthantering och passagerarsäkerhet","FARLAS0","Fartygsteknik","FAR"
"Skeppsteknik","FARSKE0","Fartygsteknik","FAR"
"Fastighetsautomation 1","FAIFAS01","Fastighetsautomation","FAI"
"Fastighetsautomation 2","FAIFAS02","Fastighetsautomation","FAI"
"Fastighetsförvaltning","FAFFAS0","Fastighetsförvaltning","FAF"
"Fastighetskommunikation","FAFFAT0","Fastighetsförvaltning","FAF"
"Informationsteknik i fastighetsförvaltning","FAFINF0","Fastighetsförvaltning","FAF"
"Fastighetsservice – byggnader","FASFAS0","Fastighetsservice","FAS"
"Fastighetsservice – elarbeten","FASFAH0","Fastighetsservice","FAS"
"Fastighetsservice – VVS","FASFAE0","Fastighetsservice","FAS"
"Fastighetsservice – ytor","FASFAV0","Fastighetsservice","FAS"
"Film- och tv-produktion 1","FILFIL01","Film- och tv-produktion","FIL"
"Film- och tv-produktion 2","FILFIL02","Film- och tv-produktion","FIL"
"Filmproduktion","FILFIL0","Film- och tv-produktion","FIL"
"Manus för film och tv","FILMAN0","Film- och tv-produktion","FIL"
"Tv-produktion","FILTVP0","Film- och tv-produktion","FIL"
"Filosofi 1","FIOFIO01","Filosofi","FIO"
"Filosofi 2","FIOFIO02","Filosofi","FIO"
"Fiske 1","FISFIS01","Fiske","FIS"
"Fiske 2","FISFIS02","Fiske","FIS"
"Fiske 3","FISFIS03","Fiske","FIS"
"Fiskevård 1","FIKFIS01","Fiskevård","FIK"
"Fiskevård 2","FIKFIS02","Fiskevård","FIK"
"Fiskevård 3","FIKFIS03","Fiskevård","FIK"
"Flerbränslefordon","FLEFLR0","Flerbränslefordonsteknik","FLE"
"Flygplansteknik","FLPFLY0","Flygplansteknik","FLP"
"Flygplatsen","FLGFLY0","Flygplatsteknik","FLG"
"Fälthållning","FLGFAL0","Flygplatsteknik","FLG"
"Fordon och redskap","FOHFOR0","Fordon och redskap inom naturbruk","FOH"
"Fordons- och transportbranschens villkor och arbetsområden","FORFOD0","Fordons- och transportbranschen","FOR"
"Fordonsteknik – introduktion","FODFOO0","Fordonsteknik","FOD"
"Fordonstestteknik","FOOFOR0","Fordonstestteknik","FOO"
"Miljöer och utrustning för fordonstest","FOOMIL0","Fordonstestteknik","FOO"
"Fackteckning och design","FOMFAC0","Formgivning","FOM"
"Formgivning 1","FOMFOR01S","Formgivning","FOM"
"Formgivning 2","FOMFOR02S","Formgivning","FOM"
"Formgivning 3","FOMFOR03S","Formgivning","FOM"
"Textil färg och form","FOMTEX0","Formgivning","FOM"
"Fotografisk bild 1","FOTFOT01","Fotografisk bild","FOT"
"Fotografisk bild 2","FOTFOT02","Fotografisk bild","FOT"
"Fotografisk bild 3","FOTFOT03","Fotografisk bild","FOT"
"Fotografisk bild 4","FOTFOT04","Fotografisk bild","FOT"
"Båthantering och underhåll","FRDBAT0","Fritidsbåtteknik","FRD"
"Båtsystem","FRDBAS0","Fritidsbåtteknik","FRD"
"Konstruktion och reparation 1","FRDKON01","Fritidsbåtteknik","FRD"
"Konstruktion och reparation 2","FRDKON02","Fritidsbåtteknik","FRD"
"Plast- och lamineringsteknik","FRDPLA0","Fritidsbåtteknik","FRD"
"Bad- och friskvårdsanläggningar","FRIBAD0","Fritids- och friskvårdsverksamheter","FRI"
"Drift och underhåll av fritidsanläggningar","FRIDRF0","Fritids- och friskvårdsverksamheter","FRI"
"Fritids- och friskvårdsverksamheter","FRIFRT0","Fritids- och friskvårdsverksamheter","FRI"
"Fritidsmiljöer och arenor","FRIFRS0","Fritids- och friskvårdsverksamheter","FRI"
"Fritids- och idrottskunskap","FRTFRD0","Fritids- och idrottskunskap","FRT"
"Funktionsförmåga och funktionsnedsättning 1","FUTFUN01","Funktionsförmåga och funktionsnedsättning","FUT"
"Funktionsförmåga och funktionsnedsättning 2","FUTFUN02","Funktionsförmåga och funktionsnedsättning","FUT"
"Fysik 1a","FYSFYS01a","Fysik","FYS"
"Fysik 1b1","FYSFYS01b1","Fysik","FYS"
"Fysik 1b2","FYSFYS01b2","Fysik","FYS"
"Fysik 2","FYSFYS02","Fysik","FYS"
"Fysik 3","FYSFYS03","Fysik","FYS"
"Entreprenörskap och företagande","FÖRENT0","Företagsekonomi","FÖR"
"Företagsekonomi – specialisering","FÖRFÖR00S","Företagsekonomi","FÖR"
"Företagsekonomi 1","FÖRFÖR01","Företagsekonomi","FÖR"
"Företagsekonomi 2","FÖRFÖR02","Företagsekonomi","FÖR"
"Marknadsföring","FÖRMAD0","Företagsekonomi","FÖR"
"Redovisning 1","FÖRRED01","Företagsekonomi","FÖR"
"Redovisning 2","FÖRRED02","Företagsekonomi","FÖR"
"Personlig försäljning 1","FÖSPER01","Försäljning och kundservice","FÖS"
"Personlig försäljning 2","FÖSPER02","Försäljning och kundservice","FÖS"
"Servicekunskap 1","FÖSSEV01","Försäljning och kundservice","FÖS"
"Servicekunskap 2","FÖSSER02","Försäljning och kundservice","FÖS"
"Gasturbinmotorer","GASGAS0","Gasturbinmotorer – flyg","GAS"
"Geografi 1","GEOGEO01","Geografi","GEO"
"Geografi 2","GEOGEO02","Geografi","GEO"
"Geografiska informationssystem","GEOGEO0","Geografi","GEO"
"Gerontologi och geriatrik","GERGER0","Gerontologi och geriatrik","GER"
"Godshantering – vux","GODGOD1","Godshantering","GOD"
"Hantering av varor och gods","GODHAT0","Godshantering","GOD"
"Lastbärare","GODLAS0","Godshantering","GOD"
"Maskinell godshantering","GODMAL0","Godshantering","GOD"
"Tunga arbetsmaskiner","GODTUN0","Godshantering","GOD"
"Godstrafik","GOSGOD0","Godstransporter","GOS"
"Godstransporter – specialisering","GOSGOD00S","Godstransporter","GOS"
"Lastbilsmonterad kran","GOSLAL0","Godstransporter","GOS"
"Golvläggning 1","GOLGOL01","Golvläggning","GOL"
"Golvläggning 2 – våtrum","GOLGOL02","Golvläggning","GOL"
"Golvläggning 3 – trä och laminat","GOLGOL03","Golvläggning","GOL"
"Grafisk illustration","GRAGRI0","Grafisk kommunikation","GRA"
"Grafisk illustration i pixelgrafik","GRAGRP0","Grafisk kommunikation","GRA"
"Grafisk illustration i vektorgrafik","GRAGRV0","Grafisk kommunikation","GRA"
"Grafisk kommunikation 1","GRAGRA01","Grafisk kommunikation","GRA"
"Grafisk kommunikation 2","GRAGRA02","Grafisk kommunikation","GRA"
"Grafiska arbetsflöden och analysmodeller","GRAGRA0","Grafisk kommunikation","GRA"
"Original, reproduktion och prepress","GRAGRR0","Grafisk kommunikation","GRA"
"Grafisk produktion 1","GRFGRF01","Grafisk produktion","GRF"
"Grafisk produktion 2","GRFGRF02","Grafisk produktion","GRF"
"Grafisk produktion 3","GRFGRF03","Grafisk produktion","GRF"
"Grafisk produktion 4","GRFGRF04","Grafisk produktion","GRF"
"Grundläggande vård och omsorg","GRUGRD0","Grundläggande vård och omsorg","GRU"
"Gränssnitt 3D","GRÄGRN0","Gränssnittsdesign","GRÄ"
"Gränssnittsdesign","GRÄGRÄ0","Gränssnittsdesign","GRÄ"
"Grönyte- och småmaskinsteknik","GROGRO0","Grönyte- och småmaskinsteknik","GRO"
"Gymnasieingenjören i praktiken","GYNGYM3","Gymnasieingenjören i praktiken","GYN"
"Affärsutveckling och ledarskap","HANAFR0","Handel","HAN"
"Branschkunskap inom handel","HANBRA0","Handel","HAN"
"Handel – specialisering","HANHAN00S","Handel","HAN"
"Handel och hållbar utveckling","HANHAN0","Handel","HAN"
"Praktisk marknadsföring 1","HANPRA01","Handel","HAN"
"Praktisk marknadsföring 2","HANPRA02","Handel","HAN"
"Barberare 2","HAVBAR02","Hantverk","HAV"
"Barberare 3","HAVBAR03","Hantverk","HAV"
"Barberare 4","HAVBAR04","Hantverk","HAV"
"Barberare 5","HAVBAR05","Hantverk","HAV"
"Barberare 6a","HAVBAR06a","Hantverk","HAV"
"Barberare 6b","HAVBAR06b","Hantverk","HAV"
"Finsnickeri 1","HAVFIN01","Hantverk","HAV"
"Finsnickeri 2","HAVFIN02","Hantverk","HAV"
"Finsnickeri 3","HAVFIN03","Hantverk","HAV"
"Finsnickeri 4","HAVFIN04","Hantverk","HAV"
"Finsnickeri 4 – specialisering","HAVFIN04S","Hantverk","HAV"
"Finsnickeri 5","HAVFIN05","Hantverk","HAV"
"Finsnickeri 5 – specialisering","HAVFIN05S","Hantverk","HAV"
"Finsnickeri 6a","HAVFIN06a","Hantverk","HAV"
"Finsnickeri 6b","HAVFIN06b","Hantverk","HAV"
"Florist 1","HAVFLO01","Hantverk","HAV"
"Florist 2","HAVFLO02","Hantverk","HAV"
"Florist 3","HAVFLO03","Hantverk","HAV"
"Florist 4","HAVFLO04","Hantverk","HAV"
"Florist 4 – specialisering","HAVFLO04S","Hantverk","HAV"
"Florist 5","HAVFLO05","Hantverk","HAV"
"Florist 5 – specialisering","HAVFLO05S","Hantverk","HAV"
"Florist 6a","HAVFLO06a","Hantverk","HAV"
"Florist 6b","HAVFLO06b","Hantverk","HAV"
"Frisör 1","HAVFRI01","Hantverk","HAV"
"Frisör 2","HAVFRI02","Hantverk","HAV"
"Frisör 3","HAVFRI03","Hantverk","HAV"
"Frisör 4","HAVFRI04","Hantverk","HAV"
"Frisör 4 – specialisering","HAVFRI04S","Hantverk","HAV"
"Frisör 5","HAVFRI05","Hantverk","HAV"
"Frisör 5 – specialisering","HAVFRI05S","Hantverk","HAV"
"Frisör 6a","HAVFRI06a","Hantverk","HAV"
"Frisör 6b","HAVFRI06b","Hantverk","HAV"
"Hantverk – introduktion","HAVHAV0","Hantverk","HAV"
"Hantverksteknik 1","HAVHNT01","Hantverk","HAV"
"Hantverksteknik 2","HAVHNT02","Hantverk","HAV"
"Hantverksteknik 3","HAVHNT03","Hantverk","HAV"
"Hantverksteknik 4","HAVHNT04","Hantverk","HAV"
"Hantverksteknik 4 – specialisering","HAVHNT04S","Hantverk","HAV"
"Hantverksteknik 5","HAVHNT05","Hantverk","HAV"
"Hantverksteknik 5 – specialisering","HAVHNT05S","Hantverk","HAV"
"Hantverksteknik 6a","HAVHNT06a","Hantverk","HAV"
"Hantverksteknik 6b","HAVHNT06b","Hantverk","HAV"
"Hår- och makeupstylist 2","HAVHAR02","Hantverk","HAV"
"Hår- och makeupstylist 3","HAVHAR03","Hantverk","HAV"
"Hår- och makeupstylist 4","HAVHAR04","Hantverk","HAV"
"Hår- och makeupstylist 5","HAVHAR05","Hantverk","HAV"
"Textil design 1","HAVTEX01","Hantverk","HAV"
"Textil design 2","HAVTEX02","Hantverk","HAV"
"Textil design 3","HAVTEX03","Hantverk","HAV"
"Textil design 4","HAVTEX04","Hantverk","HAV"
"Textil design 4 – specialisering","HAVTEX04S","Hantverk","HAV"
"Textil design 5","HAVTEX05","Hantverk","HAV"
"Textil design 5 – specialisering","HAVTEX05S","Hantverk","HAV"
"Textil design 6a","HAVTEX06a","Hantverk","HAV"
"Textil design 6b","HAVTEX06b","Hantverk","HAV"
"Material","HVKMAT0","Hantverkskunskap","HVK"
"Material och miljö","HVKMAE0","Hantverkskunskap","HVK"
"Miljö","HVKMIL0","Hantverkskunskap","HVK"
"Tradition och utveckling","HVKTRA0","Hantverkskunskap","HVK"
"Helikopterteknik","HELHEL0","Helikopterteknik","HEL"
"Hippologi – anatomi och fysiologi","HIOHIP0","Hippologi","HIO"
"Hippologi – avel och hästens hälsa","HIOHIO0","Hippologi","HIO"
"Hippologi – etologi","HIOHIL0","Hippologi","HIO"
"Historia 1a1","HISHIS01a1","Historia","HIS"
"Historia 1a2","HISHIS01a2","Historia","HIS"
"Historia 1b","HISHIS01b","Historia","HIS"
"Historia 2a","HISHIS02a","Historia","HIS"
"Historia 2b – kultur","HISHIS02b","Historia","HIS"
"Historia 3","HISHIS03","Historia","HIS"
"Hjulutrustning","HJUHJU0","Hjulutrustningsteknik","HJU"
"Hjulutrustning – specialisering","HJUHJT00S","Hjulutrustningsteknik","HJU"
"Humanistisk och samhällsvetenskaplig specialisering","HUMHUM00S","Humanistisk och samhällsvetenskaplig specialisering","HUM"
"Humanistisk och samhällsvetenskaplig spets","HUAHUM30S","Humanistisk och samhällsvetenskaplig spets inom försöksverksamhet med riksrekryterande gymnasial spetsutbildning","HUA"
"Hundkunskap 1","HUNHUN01","Hundkunskap","HUN"
"Hundkunskap 2","HUNHUN02","Hundkunskap","HUN"
"Hundkunskap 3","HUNHUN03","Hundkunskap","HUN"
"Träning av hund","HUNTRN0","Hundkunskap","HUN"
"Husbyggnad 1","HUSHUS01","Husbyggnad","HUS"
"Husbyggnad 2","HUSHUS02","Husbyggnad","HUS"
"Husbyggnad 3 – ombyggnad","HUSHUS03","Husbyggnad","HUS"
"Husbyggnadsprocessen","HUSHUB0","Husbyggnad","HUS"
"Specialyrken 1","HUBSPC01S","Husbyggnad – specialyrken","HUB"
"Specialyrken 2","HUBSPC02S","Husbyggnad – specialyrken","HUB"
"Specialyrken 3","HUBSPC03S","Husbyggnad – specialyrken","HUB"
"Husvagnar och husbilar","HUVHUS0","Husvagns- och husbilsteknik","HUV"
"Hygien","HYGHYG0","Hygienkunskap","HYG"
"Hållbart samhällsbyggande","HÅLHÅB0","Hållbart samhälle","HÅL"
"Miljö- och energikunskap","HÅLMIJ0","Hållbart samhälle","HÅL"
"Politik och hållbar utveckling","HÅLPOL0","Hållbart samhälle","HÅL"
"Ergonomi","HALERG0","Hälsa","HAL"
"Hälsopedagogik","HALHAL0","Hälsa","HAL"
"Kost och hälsa","HALKOC0","Hälsa","HAL"
"Mental träning","HALMEN0","Hälsa","HAL"
"Hälso- och sjukvård 1","HAOHAL01","Hälso- och sjukvård","HAO"
"Hälso- och sjukvård 2","HAOHAL02","Hälso- och sjukvård","HAO"
"Räddningsmedicin","HAORAD0","Hälso- och sjukvård","HAO"
"Friskvård och hälsa","HAAFRI0","Hälsovård","HAA"
"Komplementärmedicin","HAAKOM0","Hälsovård","HAA"
"Kost, måltid och munhälsa","HAAKOS0","Hälsovård","HAA"
"Den unga hästens utveckling 1a","HÄTDEN01a","Hästkunskap","HÄT"
"Den unga hästens utveckling 1b","HÄTDEN01b","Hästkunskap","HÄT"
"Den unga hästens utveckling 2","HÄTDEN02","Hästkunskap","HÄT"
"Hästkunskap 1","HÄTHÄS01","Hästkunskap","HÄT"
"Hästkunskap 2","HÄTHÄS02","Hästkunskap","HÄT"
"Hästkunskap 3","HÄTHÄS03","Hästkunskap","HÄT"
"Idrott och hälsa 1","IDRIDR01","Idrott och hälsa","IDR"
"Idrott och hälsa 1 – specialisering","IDRIDO01","Idrott och hälsa","IDR"
"Idrott och hälsa 2","IDRIDR02","Idrott och hälsa","IDR"
"Idrott och hälsa 2 – specialisering","IDRIDO02","Idrott och hälsa","IDR"
"Industriautomation","INRIND0","Industriautomation","INR"
"Robotteknik","INRROB0","Industriautomation","INR"
"Industriella produktionsmetoder 1","INNIND31","Industriella produktionsmetoder","INN"
"Industriella produktionsmetoder 2","INNIND32","Industriella produktionsmetoder","INN"
"Industriella produktionsmetoder 3","INNIND33","Industriella produktionsmetoder","INN"
"Industriell automationsteknik","IDUIND3","Industriell automation","IDU"
"Industriell it","IDUIIT3","Industriell automation","IDU"
"Industriell PLC-teknik","IDUPLC3","Industriell automation","IDU"
"Industriell robotteknik","IDUROB3","Industriell automation","IDU"
"Tillämpad automationsteknik","IDUTIL3","Industriell automation","IDU"
"Industriell design 1","INLIND31","Industriell design","INL"
"Industriell design 2","INLIND32","Industriell design","INL"
"VVS MMA-svetsning rör","INVVVS0","Industrirör svets VVS","INV"
"VVS TIG-svetsning rör","INVVVI0","Industrirör svets VVS","INV"
"Industrirörteknik 1","INDIND01","Industrirörteknik","IND"
"Industrirörteknik 2","INDIND02","Industrirörteknik","IND"
"Industrirörteknik 3","INDIND03","Industrirörteknik","IND"
"Industritekniska processer 1","INUINU01","Industritekniska processer","INU"
"Industritekniska processer 2","INUINU02","Industritekniska processer","INU"
"Industritekniska processer 3","INUINU03","Industritekniska processer","INU"
"Industritekniska processer 4","INUINU04","Industritekniska processer","INU"
"Laboratorieteknik","INULAB0","Industritekniska processer","INU"
"Industriteknisk fördjupning 1","PRFPRF01","Industriteknisk fördjupning","PRF"
"Industriteknisk fördjupning 2","PRFPRF02","Industriteknisk fördjupning","PRF"
"Information och kommunikation 1","INFINF01","Information och kommunikation","INF"
"Information och kommunikation 2","INFINF02","Information och kommunikation","INF"
"Datakommunikation och informationssäkerhet","INADAT3","Informationsteknisk arkitektur och infrastruktur","INA"
"Informationsteknisk arkitektur","INAINF3","Informationsteknisk arkitektur och infrastruktur","INA"
"Nätverks- och kommunikationstjänster","INANAT3","Informationsteknisk arkitektur och infrastruktur","INA"
"Inköp 1","INKINK01","Inköp och logistik","INK"
"Inköp 2","INKINK02","Inköp och logistik","INK"
"Logistik 1","INKLOG01","Inköp och logistik","INK"
"Logistik 2","INKLOG02","Inköp och logistik","INK"
"Transport och spedition","INKTRP0","Inköp och logistik","INK"
"Belysningsteknik","INSBES0","Installationsteknik","INS"
"Elinstallationer","INSELI0","Installationsteknik","INS"
"Elmotorstyrning","INSELS0","Installationsteknik","INS"
"Kommunikationsnät 1","INSKOM01","Installationsteknik","INS"
"Kommunikationsnät 2","INSKOM02","Installationsteknik","INS"
"Kommunikationsnät 3","INSKOM03","Installationsteknik","INS"
"Affärsjuridik","JURAFF0","Juridik","JUR"
"Privatjuridik","JURPRI0","Juridik","JUR"
"Rätten och samhället","JURRÄT0","Juridik","JUR"
"Järnvägsbyggnad 1","JÄRJÄR01","Järnvägsbyggnad","JÄR"
"Järnvägsbyggnad 2","JÄRJÄR02","Järnvägsbyggnad","JÄR"
"Järnvägsbyggnad 3","JÄRJÄR03","Järnvägsbyggnad","JÄR"
"Allmän järnvägsteknik","JÄNALM0","Järnvägsteknik","JÄN"
"Elteknik","JÄNELN0","Järnvägsteknik","JÄN"
"Signalteknik","JÄNSIG0","Järnvägsteknik","JÄN"
"Karosserikonstruktioner och inredning","KARKAR0","Karosseriteknik","KAR"
"Riktbänkssystem","KARRIK0","Karosseriteknik","KAR"
"Riktningsteknik – introduktion","KARRIT0","Karosseriteknik","KAR"
"Skadebesiktning och produktionsflöde","KARSKA0","Karosseriteknik","KAR"
"Skarvnings- och sammanfogningsteknik","KARSKR0","Karosseriteknik","KAR"
"Småreparationer – karosseri","KARSMA0","Karosseriteknik","KAR"
"Kemi 1","KEMKEM01","Kemi","KEM"
"Kemi 2","KEMKEM02","Kemi","KEM"
"Klassisk grekiska – språk och kultur 1","KLAKLA01","Klassisk grekiska – språk och kultur","KLA"
"Klassisk grekiska – språk och kultur 2","KLAKLA02","Klassisk grekiska – språk och kultur","KLA"
"Kolvmotorer","KOLKOL0","Kolvmotorer – flyg","KOL"
"Evenemang","KONEVE0","Konferens och evenemang","KON"
"Konferens 1","KONKOF01","Konferens och evenemang","KON"
"Konferens 2","KONKON02","Konferens och evenemang","KON"
"Konferens 3","KONKON03","Konferens och evenemang","KON"
"Konferens och evenemang","KONKOF0","Konferens och evenemang","KON"
"Rums- och konferensbokning","KONRUM0","Konferens och evenemang","KON"
"Konsthantverk 1","KOHHAN01","Konsthantverk","KOH"
"Konsthantverk 2","KOHHAN02","Konsthantverk","KOH"
"Konsthantverk 3","KOHHAN03","Konsthantverk","KOH"
"Konsthantverk 4","KOHHAN04","Konsthantverk","KOH"
"Konsthantverk 5","KOHHAN05","Konsthantverk","KOH"
"Film- och tv-kunskap","KOSFIL0","Konst och kultur","KOS"
"Konstarterna och samhället","KOSKOS0","Konst och kultur","KOS"
"Kultur- och idéhistoria","KOSKUL0","Konst och kultur","KOS"
"Samtida kulturuttryck","KOSSAT0","Konst och kultur","KOS"
"Konstruktion 1","KOTKOS01","Konstruktion","KOT"
"Konstruktion 2","KOTKOS02","Konstruktion","KOT"
"Konstruktion 3","KOTKOS03","Konstruktion","KOT"
"Konstruktionsteknik","KORKON3","Konstruktionsteknik","KOR"
"Materialteknik","KORMAT3","Konstruktionsteknik","KOR"
"Mekanik och hållfasthetslära","KORMEK3","Konstruktionsteknik","KOR"
"Tillämpad konstruktionsteknik","KORTIL3","Konstruktionsteknik","KOR"
"Kraft- och värmeteknik 1","KRAKRA01","Kraft- och värmeteknik","KRA"
"Kraft- och värmeteknik 2","KRAKRA02","Kraft- och värmeteknik","KRA"
"Reservkraft","KRARER0","Kraft- och värmeteknik","KRA"
"Kyl- och värmepumpsteknik – energieffektivisering","KYLKYL0","Kyl- och värmepumpsteknik","KYL"
"Kyl- och värmepumpsteknik – grund","KYLKYO0","Kyl- och värmepumpsteknik","KYL"
"Kyl- och värmepumpsteknik – installation","KYLKYC0","Kyl- och värmepumpsteknik","KYL"
"Kyl- och värmepumpsteknik – miljö och säkerhet","KYLKYH0","Kyl- och värmepumpsteknik","KYL"
"Kyl- och värmepumpsteknik – service","KYLKYV0","Kyl- och värmepumpsteknik","KYL"
"Baskurs i lackering","LACBAK0","Lackeringsteknik","LAC"
"Färg och dekorationslackering","LACFÄR0","Lackeringsteknik","LAC"
"Industriell lackering","LACINS0","Lackeringsteknik","LAC"
"Lackeringssystem","LACLAC0","Lackeringsteknik","LAC"
"Lackeringsteknik – applicering","LACLAK0","Lackeringsteknik","LAC"
"Lackeringsteknik – introduktion","LACLAE0","Lackeringsteknik","LAC"
"Lackeringsteknik för tunga fordon","LACLAR0","Lackeringsteknik","LAC"
"Produktionsflöden","LACPRD0","Lackeringsteknik","LAC"
"Småreparationer – lackering","LACSMA0","Lackeringsteknik","LAC"
"Lageradministration och terminallogistik","LAGLAG0","Lager och terminal","LAG"
"Lagerprocesser","LAGLAP0","Lager och terminal","LAG"
"Plocklagerhantering","LAGPLO0","Lager och terminal","LAG"
"Lantbruksdjur – specialisering","LANLAN00S","Lantbruksdjur","LAN"
"Lantbruksdjur 1","LANLAN01","Lantbruksdjur","LAN"
"Lantbruksdjur 2","LANLAN02","Lantbruksdjur","LAN"
"Lantbruksmaskiner 1","LAULAT01","Lantbruksmaskiner","LAU"
"Lantbruksmaskiner 2","LAULAT02","Lantbruksmaskiner","LAU"
"Lantbruksmaskinsteknik","LAKLAN0","Lantbruksmaskinsteknik","LAK"
"Brandlarmssystem","LARBRN0","Larm och säkerhetsteknik","LAR"
"CCTV-system","LARCCT0","Larm och säkerhetsteknik","LAR"
"Inbrottslarmssystem","LARINB0","Larm och säkerhetsteknik","LAR"
"Larm-, övervaknings- och säkerhetssystem","LARLAM0","Larm och säkerhetsteknik","LAR"
"Passersystem","LARPAS0","Larm och säkerhetsteknik","LAR"
"Lastbilar – chassi och bromsar","LAPLAC0","Lastbilar – reparations- och systemteknik","LAP"
"Lastbilar – kraftöverföring","LAPLAS0","Lastbilar – reparations- och systemteknik","LAP"
"Lastbilar – system- och diagnosteknik 1","LAPLAS01","Lastbilar – reparations- och systemteknik","LAP"
"Lastbilar – system- och diagnosteknik 2","LAPLAS02","Lastbilar – reparations- och systemteknik","LAP"
"Lastbilar och mobila maskiner – förbränningsmotorer","LAILAT0","Lastbilar och mobila maskiner – motorteknik","LAI"
"Lastbilar och mobila maskiner – basteknik","LAALAT0","Lastbilar och mobila maskiner – service och underhållsteknik","LAA"
"Lastbilar och mobila maskiner – service och underhåll 1","LAALAS01","Lastbilar och mobila maskiner – service och underhållsteknik","LAA"
"Lastbilar och mobila maskiner – service och underhåll 2","LAALAS02","Lastbilar och mobila maskiner – service och underhållsteknik","LAA"
"Lastbilar och mobila maskiner – verkstad och elteknik","LAALAS0","Lastbilar och mobila maskiner – service och underhållsteknik","LAA"
"Lastbilspåbyggnad – specialisering","LALLAS00S","Lastbilspåbyggnadsteknik","LAL"
"Lastmaskiner och truckar","LASLAA0","Lastmaskiner och truckar inom naturbruk","LAS"
"Latin – språk och kultur 1","LATLAT01","Latin – språk och kultur","LAT"
"Latin – språk och kultur 2","LATLAT02","Latin – språk och kultur","LAT"
"Latin – språk och kultur 3","LATLAT03","Latin – språk och kultur","LAT"
"Ledarskap och organisation","LEDLED0","Ledarskap och organisation","LED"
"Livsmedels- och näringskunskap 1","LIVLIV01","Livsmedels- och näringskunskap","LIV"
"Livsmedels- och näringskunskap 2","LIVLIV02","Livsmedels- och näringskunskap","LIV"
"Film- och interaktiv ljudproduktion","LJUFIL0","Ljudproduktion","LJU"
"Ljudproduktion 1","LJULJU01","Ljudproduktion","LJU"
"Ljudproduktion 2","LJULJU02","Ljudproduktion","LJU"
"Radioproduktion","LJURAD0","Ljudproduktion","LJU"
"Låsinstallation","LAOLAS0","Lås- och passerteknik","LAO"
"Låsteknik","LAOLAT0","Lås- och passerteknik","LAO"
"Mönsterkonstruktion 1","MNUMON01","Manuell mönsterkonstruktion","MNU"
"Mönsterkonstruktion 2","MNUMON02","Manuell mönsterkonstruktion","MNU"
"Marina elektroniksystem","MAYMAR0","Marina elektroniksystem","MAY"
"Båtel 1","MAIBAT01","Marin el och elektronik","MAI"
"Båtel 2","MAIBAT02","Marin el och elektronik","MAI"
"Marinelektronik 1","MAIMAR01","Marin el och elektronik","MAI"
"Marinelektronik 2","MAIMAR02","Marin el och elektronik","MAI"
"Marinelektronik 3","MAIMAR03","Marin el och elektronik","MAI"
"Motorelektronik 1","MAIMOT01","Marin el och elektronik","MAI"
"Motorelektronik 2","MAIMOT02","Marin el och elektronik","MAI"
"Diagnos och reparation","MANDIA0","Marinmotorteknik","MAN"
"Intervallservice","MANINT0","Marinmotorteknik","MAN"
"Marinmotor – introduktion","MANMAR0","Marinmotorteknik","MAN"
"Nyinstallation","MANNYI0","Marinmotorteknik","MAN"
"Maskinbefäl","MAKMAS0","Maskintjänst","MAK"
"Maskintjänst 1","MAKMAS01","Maskintjänst","MAK"
"Maskintjänst 2","MAKMAS02","Maskintjänst","MAK"
"Massage 1","MAAMAA01","Massage","MAA"
"Massage 2","MAAMAA02","Massage","MAA"
"Matematik – specialisering","MATMAT00S","Matematik","MAT"
"Matematik 1a","MATMAT01a","Matematik","MAT"
"Matematik 1b","MATMAT01b","Matematik","MAT"
"Matematik 1c","MATMAT01c","Matematik","MAT"
"Matematik 2a","MATMAT02a","Matematik","MAT"
"Matematik 2b","MATMAT02b","Matematik","MAT"
"Matematik 2c","MATMAT02c","Matematik","MAT"
"Matematik 3b","MATMAT03b","Matematik","MAT"
"Matematik 3c","MATMAT03c","Matematik","MAT"
"Matematik 4","MATMAT04","Matematik","MAT"
"Matematik 5","MATMAT05","Matematik","MAT"
"Materialkunskap 1","MAEMAT01","Materialkunskap","MAE"
"Materialkunskap 2","MAEMAT02","Materialkunskap","MAE"
"Matlagning – specialisering","MALMAL00S","Matlagningskunskap","MAL"
"Matlagning 1","MALMAL01","Matlagningskunskap","MAL"
"Matlagning 2","MALMAL02","Matlagningskunskap","MAL"
"Matlagning 3","MALMAL03","Matlagningskunskap","MAL"
"Matlagning 4","MALMAL04","Matlagningskunskap","MAL"
"Specialkoster","MALSPE0","Matlagningskunskap","MAL"
"Mat och butik – specialisering","MAOMAT00S","Mat och butik","MAO"
"Mat och butik 1","MAOMAT01","Mat och butik","MAO"
"Mat och butik 2","MAOMAT02","Mat och butik","MAO"
"Mat och dryck i kombination","MACMAT0","Mat och dryck i kombination","MAC"
"Elektromedicinsk teknik","MEIELE0","Medicinsk teknik","MEI"
"Gas- och vätsketeknik","MEIGAS0","Medicinsk teknik","MEI"
"Radiologiska utrustningar","MEIRAD0","Medicinsk teknik","MEI"
"Journalistik, reklam och information 1","MEEJOU01","Mediekommunikation","MEE"
"Journalistik, reklam och information 2","MEEJOU02","Mediekommunikation","MEE"
"Textkommunikation","MEETET0","Mediekommunikation","MEE"
"Medieproduktion 1","MEPMEI01","Medieproduktion","MEP"
"Medieproduktion 2","MEPMEI02","Medieproduktion","MEP"
"Medier, samhälle och kommunikation 1","MERMEE01","Medier, samhälle och kommunikation","MER"
"Medier, samhälle och kommunikation 2","MERMEE02","Medier, samhälle och kommunikation","MER"
"Mekatronik 1","MEKMEK01","Mekatronik","MEK"
"Mekatronik 2","MEKMEK02","Mekatronik","MEK"
"Mjukvarudesign","MJKMJU3","Mjukvarudesign","MJK"
"Mobila applikationer","MOIMOB3","Mobila applikationer","MOI"
"Bandschaktare","MOBBAN0","Mobila arbetsmaskiner","MOB"
"Grävmaskiner","MOBGRV0","Mobila arbetsmaskiner","MOB"
"Hjullastare","MOBHJU0","Mobila arbetsmaskiner","MOB"
"Teleskoplastare","MOBTEL0","Mobila arbetsmaskiner","MOB"
"Väghyvel","MOBVAG0","Mobila arbetsmaskiner","MOB"
"Mobila maskiner – hydraulsystem","MOLMOI0","Mobila maskiner – reparations- och systemteknik","MOL"
"Mobila maskiner – kraftöverföring","MOLMOB0","Mobila maskiner – reparations- och systemteknik","MOL"
"Mobila maskiner – system- och diagnosteknik 1","MOLMOB01","Mobila maskiner – reparations- och systemteknik","MOL"
"Mobila maskiner – system- och diagnosteknik 2","MOLMOB02","Mobila maskiner – reparations- och systemteknik","MOL"
"Kinesiska 1","MODZHO01","Moderna språk","MOD"
"Kinesiska 2","MODZHO02","Moderna språk","MOD"
"Kinesiska 3","MODZHO03","Moderna språk","MOD"
"Kinesiska 4","MODZHO04","Moderna språk","MOD"
"Kinesiska 5","MODZHO05","Moderna språk","MOD"
"Kinesiska 6","MODZHO06","Moderna språk","MOD"
"Kinesiska 7","MODZHO07","Moderna språk","MOD"
"Moderna språk 1","MODXXX01","Moderna språk","MOD"
"Moderna språk 2","MODXXX02","Moderna språk","MOD"
"Moderna språk 3","MODXXX03","Moderna språk","MOD"
"Moderna språk 4","MODXXX04","Moderna språk","MOD"
"Moderna språk 5","MODXXX05","Moderna språk","MOD"
"Moderna språk 6","MODXXX06","Moderna språk","MOD"
"Moderna språk 7","MODXXX07","Moderna språk","MOD"
"Modersmål – aktiv tvåspråkighet","MOEMOD0","Modersmål","MOE"
"Modersmål 1","MOEXXX01","Modersmål","MOE"
"Modersmål 2","MOEXXX02","Modersmål","MOE"
"Motor- och röjmotorsåg 1","MOTMOT01","Motor- och röjmotorsåg","MOT"
"Motor- och röjmotorsåg 2","MOTMOT02","Motor- och röjmotorsåg","MOT"
"Mur- och putsverk 1 – grundmurar","MURMUR01","Mur- och putsverk","MUR"
"Mur- och putsverk 2 – murverk","MURMUR02","Mur- och putsverk","MUR"
"Mur- och putsverk 3 – puts","MURMUR03","Mur- och putsverk","MUR"
"Bruksspel och ackompanjemang","MUSBRU0","Musik","MUS"
"Ensemble 1","MUSENS01","Musik","MUS"
"Ensemble 2","MUSENS02S","Musik","MUS"
"Ensemble med körsång","MUSENS0","Musik","MUS"
"Ensembleledning och dirigering","MUSENE0","Musik","MUS"
"Instrument eller sång 1","MUSINS01S","Musik","MUS"
"Instrument eller sång 2","MUSINS02S","Musik","MUS"
"Instrument eller sång 3","MUSINS03S","Musik","MUS"
"Körsång 1","MUSKÖS01","Musik","MUS"
"Körsång 2","MUSKÖS02S","Musik","MUS"
"Musik","MUSMUS0","Musik","MUS"
"Musik för yrkesdansare","MUSMUK0","Musik","MUS"
"Musikimprovisation","MUSMUI0","Musik","MUS"
"Musikproduktion 1","MUSMUS01","Musik","MUS"
"Musikproduktion 2","MUSMUS02","Musik","MUS"
"Rytmik","MUSRYT0","Musik","MUS"
"Arrangering och komposition 1","MUIARA01","Musikteori","MUI"
"Arrangering och komposition 2","MUIARA02","Musikteori","MUI"
"Gehörs- och musiklära 1","MUIGEH01","Musikteori","MUI"
"Gehörs- och musiklära 2","MUIGEH02","Musikteori","MUI"
"Måleri – dekorationstekniker","MARMAE0","Måleri","MAR"
"Måleri – äldre måleritekniker","MARMAR0","Måleri","MAR"
"Måleri 1","MARMAL01","Måleri","MAR"
"Måleri 2","MARMAL02","Måleri","MAR"
"Måleri 3","MARMAL03","Måleri","MAR"
"Måleri 4","MARMAL04","Måleri","MAR"
"Måleri 5","MARMAL05","Måleri","MAR"
"Måleriprocessen","MARMAL0","Måleri","MAR"
"Branschkunskap inom restaurang och livsmedel","MÅTBRC0","Måltids- och branschkunskap","MÅT"
"Etik och människans livsvillkor","MÄNETI0","Människan","MÄN"
"Internationellt arbete","MÄNINA0","Människan","MÄN"
"Människan i industrin 1","MÄIMÄN01","Människan i industrin","MÄI"
"Människan i industrin 2","MÄIMÄN02","Människan i industrin","MÄI"
"Människans språk 1","MÄKMÄK01","Människans språk","MÄK"
"Människans språk 2","MÄKMÄK02","Människans språk","MÄK"
"Människans säkerhet","MÄSMÄN0","Människans säkerhet","MÄS"
"Distribuerade styrsystem","MÄTDIS0","Mät-, styr- och reglerteknik","MÄT"
"Mät- och reglerteknik","MÄTMÄT0","Mät-, styr- och reglerteknik","MÄT"
"Mät- och styrteknik","MÄTMÄO0","Mät-, styr- och reglerteknik","MÄT"
"Programmerbara styrsystem","MÄTPRR0","Mät-, styr- och reglerteknik","MÄT"
"Naturbruk","NAUNAU0","Naturbruk","NAU"
"Byggnadsunderhåll","NARBYA0","Naturbrukets byggnader","NAR"
"Hästsportanläggningars skötsel och drift 1","NARHAS01","Naturbrukets byggnader","NAR"
"Hästsportanläggningars skötsel och drift 2","NARHAS02","Naturbrukets byggnader","NAR"
"Guidning i naturbruksmiljöer","NAGGUD0","Naturguidning","NAG"
"Naturguidning 1","NAGNAT01","Naturguidning","NAG"
"Naturguidning 2","NAGNAT02","Naturguidning","NAG"
"Naturkunskap 1a1","NAKNAK01a1","Naturkunskap","NAK"
"Naturkunskap 1a2","NAKNAK01a2","Naturkunskap","NAK"
"Naturkunskap 1b","NAKNAK01b","Naturkunskap","NAK"
"Naturkunskap 2","NAKNAK02","Naturkunskap","NAK"
"Natur- och landskapsvård","NATNAT0","Natur- och landskapsvård","NAT"
"Naturturism 1","NAMNAT01","Naturturism","NAM"
"Naturturism 2","NAMNAT02","Naturturism","NAM"
"Naturturism 3","NAMNAT03","Naturturism","NAM"
"Naturvetenskaplig specialisering","NAVNAT00S","Naturvetenskaplig specialisering","NAV"
"Naturvetenskaplig spets","NAENAT30S","Naturvetenskaplig spets inom försöksverksamhet med riksrekryterande gymnasial spetsutbildning","NAE"
"Administration av nätverks- och serverutrustning","NAIADM0","Nätverksteknik","NAI"
"Nätverksadministration","NAINAV0","Nätverksteknik","NAI"
"Nätverkssäkerhet","NAINAE0","Nätverksteknik","NAI"
"Nätverksteknik","NAINAR0","Nätverksteknik","NAI"
"Nätverksteknologier","NAINAK0","Nätverksteknik","NAI"
"Odling i växthus – specialisering","ODIODI00S","Odling i växthus","ODI"
"Odling i växthus 1","ODIODL01","Odling i växthus","ODI"
"Odling i växthus 2","ODIODL02","Odling i växthus","ODI"
"Omvårdnad 1","OMVOMV01","Omvårdnad","OMV"
"Omvårdnad 2","OMVOMV02","Omvårdnad","OMV"
"Aktivitetsledarskap","PEDAKI00S","Pedagogik","PED"
"Barns lärande och växande","PEDBAS0","Pedagogik","PED"
"Kommunikation","PEDKOU0","Pedagogik","PED"
"Lärande och utveckling","PEDLÄR0","Pedagogik","PED"
"Människors miljöer","PEDMÄI0","Pedagogik","PED"
"Pedagogiska teorier och praktiker","PEDPED0","Pedagogik","PED"
"Pedagogiskt ledarskap","PEDPEG0","Pedagogik","PED"
"Vårdpedagogik och handledning","PEAVÅD0","Pedagogik i vård och omsorg","PEA"
"Dramapedagogik","PEGDRA0","Pedagogiskt arbete","PEG"
"Pedagogiskt arbete","PEGPEA0","Pedagogiskt arbete","PEG"
"Skapande verksamhet","PEGSKP0","Pedagogiskt arbete","PEG"
"Personbilar – chassi och bromsar","REPPEO0","Personbilar – reparations- och systemteknik","REP"
"Personbilar – förbränningsmotorer","REPPER0","Personbilar – reparations- och systemteknik","REP"
"Personbilar – kraftöverföring","REPPES0","Personbilar – reparations- och systemteknik","REP"
"Personbilar – system- och diagnosteknik 1","REPPER01","Personbilar – reparations- och systemteknik","REP"
"Personbilar – system- och diagnosteknik 2","REPPER02","Personbilar – reparations- och systemteknik","REP"
"Personbilar – basteknik","SEOPEB0","Personbilar – service och underhållsteknik","SEO"
"Personbilar – service och underhåll 1","SEOPER01","Personbilar – service och underhållsteknik","SEO"
"Personbilar – service och underhåll 2","SEOPER02","Personbilar – service och underhållsteknik","SEO"
"Personbilar – verkstad och elteknik","SEOPER0","Personbilar – service och underhållsteknik","SEO"
"Persontrafik – vux","PESPER1","Persontransporter","PES"
"Persontrafik 1a","PESPER01a","Persontransporter","PES"
"Persontrafik 1b","PESPER01b","Persontransporter","PES"
"Persontransporter – specialisering","PESPER00S","Persontransporter","PES"
"Taxitrafik","PESTAX0","Persontransporter","PES"
"Plåtslageri – grunder","PLÅPLÅ0","Plåtslageri","PLÅ"
"Plåtslageriprocessen","PLÅPLS0","Plåtslageri","PLÅ"
"Byggnadsplåtslageri 1","PLTBYG01","Plåtslageriteknik","PLT"
"Byggnadsplåtslageri 2","PLTBYG02","Plåtslageriteknik","PLT"
"Byggnadsplåtslageri 3","PLTBYG03","Plåtslageriteknik","PLT"
"Byggnadsplåtslageri 4","PLTBYG04","Plåtslageriteknik","PLT"
"Kulturplåtslageri","PLTKUU0","Plåtslageriteknik","PLT"
"Lättbyggnadsteknik","PLTLÄT0","Plåtslageriteknik","PLT"
"Plåtslageri – svetstekniker","PLTPLT0","Plåtslageriteknik","PLT"
"Processdatorsystem","PROPRO0","Processautomation","PRO"
"Processmätteknik 1","PROPRC01","Processautomation","PRO"
"Processmätteknik 2","PROPRC02","Processautomation","PRO"
"Processreglering","PROPRE0","Processautomation","PRO"
"Processteknik – energi 1","PRCPRO31","Processteknik – energi","PRC"
"Processteknik – energi 2","PRCPRO32","Processteknik – energi","PRC"
"Processteknik – kemi 1","PREKEM31","Processteknik – kemi","PRE"
"Processteknik – kemi 2","PREKEM32","Processteknik – kemi","PRE"
"Produktionsfilosofi 1","PRIPRO31","Produktionsfilosofi","PRI"
"Produktionsfilosofi 2","PRIPRO32","Produktionsfilosofi","PRI"
"Produktionskunskap 1","PRDPRO01","Produktionskunskap","PRD"
"Produktionskunskap 2","PRDPRO02","Produktionskunskap","PRD"
"Industriell mätteknik – fördjupning","PRUINU0","Produktionsutrustning","PRU"
"Industriell mätteknik – grund","PRUIND0","Produktionsutrustning","PRU"
"Interna transporter","PRUINE00S","Produktionsutrustning","PRU"
"Produktionsutrustning 1","PRUPRD01S","Produktionsutrustning","PRU"
"Produktionsutrustning 2","PRUPRD02S","Produktionsutrustning","PRU"
"Produktionsutrustning 3","PRUPRD03S","Produktionsutrustning","PRU"
"Produktionsutrustning 4","PRUPRD04","Produktionsutrustning","PRU"
"Verktygskunskap","PRUVEY0","Produktionsutrustning","PRU"
"Industriell digitalisering","PRNIND3","Produktionsutveckling","PRN"
"Produktionsutveckling 1","PRNPRO31","Produktionsutveckling","PRN"
"Produktionsutveckling 2","PRNPRO32","Produktionsutveckling","PRN"
"Produktutveckling 1","PRKPRK01","Produktutveckling","PRK"
"Produktutveckling 2","PRKPRK02","Produktutveckling","PRK"
"Programmering 1","PRRPRR01","Programmering","PRR"
"Programmering 2","PRRPRR02","Programmering","PRR"
"Programmering 3","PRRPRR33","Programmering","PRR"
"Psykiatri 1","PSYPSY01","Psykiatri","PSY"
"Psykiatri 2","PSYPSK02","Psykiatri","PSY"
"Psykologi 1","PSKPSY01","Psykologi","PSK"
"Psykologi 2a","PSKPSY02a","Psykologi","PSK"
"Psykologi 2b","PSKPSY02b","Psykologi","PSK"
"Logi","RECLOG0","Reception","REC"
"Reception 1","RECREC01","Reception","REC"
"Reception 2","RECREC02","Reception","REC"
"Reception 3","RECREC03","Reception","REC"
"Religionskunskap – specialisering","RELREL0","Religionskunskap","REL"
"Religionskunskap 1","RELREL01","Religionskunskap","REL"
"Religionskunskap 2","RELREL02","Religionskunskap","REL"
"Städservice","REGSTA0","Rengöringsservice","REG"
"Renen och dess naturmiljö 1","RENREN01","Rennäring","REN"
"Renen och dess naturmiljö 2","RENREN02","Rennäring","REN"
"Renen och rennäringen 1","RENREE01","Rennäring","REN"
"Renen och rennäringen 2","RENREE02","Rennäring","REN"
"Hållbar turism","RESHAL0","Reseproduktion och marknadsföring","RES"
"Marknadsföring och försäljning","RESMAS0","Reseproduktion och marknadsföring","RES"
"Reseproduktion och försäljning","RESRES0","Reseproduktion och marknadsföring","RES"
"Resmål och resvägar","RESREM0","Reseproduktion och marknadsföring","RES"
"Körning 1","RINKOR01","Ridning och körning","RIN"
"Körning 2","RINKOR02","Ridning och körning","RIN"
"Ridning 1","RINRID01","Ridning och körning","RIN"
"Ridning 2","RINRID02","Ridning och körning","RIN"
"Ridning för ridlärare","RINRIN0","Ridning och körning","RIN"
"Ridning och körning","RINRID0","Ridning och körning","RIN"
"Rättspsykiatri","RATRAT0","Rättspsykiatri","RAT"
"Samernas kultur och historia","SAESAM0","Samernas kultur och historia","SAE"
"BIM-samordning","SAHBIM3","Samhällsbyggande","SAH"
"Byggnadsverk","SAHBYV0","Samhällsbyggande","SAH"
"Byggprocessen","SAHBYC3","Samhällsbyggande","SAH"
"Miljöcertifierade hus","SAHMIL3","Samhällsbyggande","SAH"
"Internationell ekonomi","SAMINE0","Samhällskunskap","SAM"
"Internationella relationer","SAMINR0","Samhällskunskap","SAM"
"Samhällskunskap 1a1","SAMSAM01a1","Samhällskunskap","SAM"
"Samhällskunskap 1a2","SAMSAM01a2","Samhällskunskap","SAM"
"Samhällskunskap 1b","SAMSAM01b","Samhällskunskap","SAM"
"Samhällskunskap 2","SAMSAM02","Samhällskunskap","SAM"
"Samhällskunskap 3","SAMSAM03","Samhällskunskap","SAM"
"Samisk mat och matkultur","SASSAM0","Samisk mat och matkultur","SAS"
"Samisk hantverkskultur","SAISAM0","Samiskt hantverk","SAI"
"Samiskt hantverk 1","SAISAM01S","Samiskt hantverk","SAI"
"Samiskt hantverk 2","SAISAM02S","Samiskt hantverk","SAI"
"Samiskt hantverk 3","SAISAM03S","Samiskt hantverk","SAI"
"Samiskt hantverk 4","SAISAM04","Samiskt hantverk","SAI"
"Samiskt hantverk 5","SAISAM05","Samiskt hantverk","SAI"
"Kälsvets 1","SAAKÄL01S","Sammanfogningsteknik","SAA"
"Kälsvets 2","SAAKÄL02S","Sammanfogningsteknik","SAA"
"Rörsvets 1","SAARÖR01S","Sammanfogningsteknik","SAA"
"Rörsvets 2","SAARÖR02S","Sammanfogningsteknik","SAA"
"Sammanfogning","SAASAA0","Sammanfogningsteknik","SAA"
"Stumsvets 1","SAASTU01S","Sammanfogningsteknik","SAA"
"Stumsvets 2","SAASTU02S","Sammanfogningsteknik","SAA"
"Svets grund","SAASVT0","Sammanfogningsteknik","SAA"
"Arrangemang","SERARR0","Serveringskunskap","SER"
"Frukost och bufféservering","SERFRU0","Serveringskunskap","SER"
"Matsalshantverk","SERMAF0","Serveringskunskap","SER"
"Servering – specialisering","SERSER00S","Serveringskunskap","SER"
"Servering 1","SERSER01","Serveringskunskap","SER"
"Servering 2","SERSER02","Serveringskunskap","SER"
"Service och bemötande 1","SEVSEV01","Service och bemötande","SEV"
"Service och bemötande 2","SEVSEV02","Service och bemötande","SEV"
"Serviceteknik – naturbruk – specialisering","SEISER00S","Serviceteknik – naturbruk","SEI"
"Serviceteknik – naturbruk 1","SEISEI01","Serviceteknik – naturbruk","SEI"
"Serviceteknik – naturbruk 2","SEISEI02","Serviceteknik – naturbruk","SEI"
"Grundläggande säkerhet","SJOGRN0","Sjöfartssäkerhet","SJO"
"Säkerhet och miljö","SJOSAE0","Sjöfartssäkerhet","SJO"
"Fiske och vattenvård 1","SKOFIS01","Skog, mark och vatten","SKO"
"Fiske och vattenvård 2","SKOFIS02","Skog, mark och vatten","SKO"
"Jakt och viltvård – specialisering","SKOJAK00S","Skog, mark och vatten","SKO"
"Jakt och viltvård 1","SKOJAK01","Skog, mark och vatten","SKO"
"Jakt och viltvård 2","SKOJAK02","Skog, mark och vatten","SKO"
"Mångbruk av skog","SKOMÅN0","Skog, mark och vatten","SKO"
"Skogsbruksmaskinsteknik","SKBSKO0","Skogsbruksmaskinsteknik","SKB"
"Avverkningsmaskiner","SKMAVV0","Skogsmaskiner","SKM"
"Skogsmaskiner – specialisering","SKMSKO00S","Skogsmaskiner","SKM"
"Småskalig skogsteknik","SKMSMA0","Skogsmaskiner","SKM"
"Terrängtransporter","SKMTER0","Skogsmaskiner","SKM"
"Virkestransport med skotare","SKMVIE0","Skogsmaskiner","SKM"
"Skogsskötsel – specialisering","SKGSKG00S","Skogsproduktion","SKG"
"Skogsskötsel 1","SKGSKO01","Skogsproduktion","SKG"
"Skogsskötsel 2","SKGSKO02","Skogsproduktion","SKG"
"Virkeslära","SKGVIR0","Skogsproduktion","SKG"
"Virkesmätning","SKGVIK0","Skogsproduktion","SKG"
"Beskärning och trädvård","SKÖBEK0","Skötsel av utemiljöer","SKÖ"
"Skötsel av utemiljöer","SKÖSKÖ0","Skötsel av utemiljöer","SKÖ"
"Skötsel av utemiljöer – specialisering","SKÖSKÖ00S","Skötsel av utemiljöer","SKÖ"
"Pistmaskiner och utrustning","SNOPIM0","Snöfordonsteknik","SNO"
"Pistmaskinkörning","SNOPIS0","Snöfordonsteknik","SNO"
"Reparation av snöfordon","SNOREP0","Snöfordonsteknik","SNO"
"Reparation av snöskoter","SNOREE0","Snöfordonsteknik","SNO"
"Snöfordon – introduktion","SNOSNO0","Snöfordonsteknik","SNO"
"Social omsorg 1","SOASOC01","Social omsorg","SOA"
"Social omsorg 2","SOASOC02","Social omsorg","SOA"
"Socialpedagogik","SOASOC0","Social omsorg","SOA"
"Socialt arbete 1","SOCSOC01","Socialt arbete","SOC"
"Socialt arbete 2","SOCSOC02","Socialt arbete","SOC"
"Etnicitet och kulturmöten","SOIETN0","Sociologi","SOI"
"Sociologi","SOISOO0","Sociologi","SOI"
"Ungdomskulturer","SOIUNG0","Sociologi","SOI"
"Idrottsledarskap","SPEIDT3","Specialidrott","SPE"
"Idrottsspecialisering 1","SPEIDS31","Specialidrott","SPE"
"Idrottsspecialisering 2","SPEIDS32","Specialidrott","SPE"
"Idrottsspecialisering 3","SPEIDS33","Specialidrott","SPE"
"Tränings- och tävlingslära 1","SPETRA31","Specialidrott","SPE"
"Tränings- och tävlingslära 2","SPETRA32","Specialidrott","SPE"
"Tränings- och tävlingslära 3","SPETRA33","Specialidrott","SPE"
"Specialpedagogik 1","SPCSPE01","Specialpedagogik","SPC"
"Specialpedagogik 2","SPCSPE02","Specialpedagogik","SPC"
"Sprinklerteknik 1","SPNSPR01","Sprinklerteknik","SPN"
"Sprinklerteknik 2","SPNSPR02","Sprinklerteknik","SPN"
"Språk specialisering – retorik 1a","SPAXXX01a","Språk specialisering","SPA"
"Språk specialisering – retorik 1b","SPAXXX01b","Språk specialisering","SPA"
"Språk specialisering – skrivande","SPAXXX0","Språk specialisering","SPA"
"Spårfordon – grund","SPOSPA0","Spårfordon","SPO"
"Finstyckning","STCFIN0","Styckningskunskap","STC"
"Styckning – specialisering","STCSTY00S","Styckningskunskap","STC"
"Styckning 1","STCSTY01","Styckningskunskap","STC"
"Styckning 2","STCSTY02","Styckningskunskap","STC"
"Styckning 3","STCSTY03","Styckningskunskap","STC"
"Styckning 4","STCSTY04","Styckningskunskap","STC"
"Kundmottagning och reservdelshantering","SUPKUN0","Support och servicearbete","SUP"
"Service och reparationsarbete","SUPSER0","Support och servicearbete","SUP"
"Support och hemservice","SUPSUP0","Support och servicearbete","SUP"
"Litteratur","SVELIT0","Svenska","SVE"
"Retorik","SVERET0","Svenska","SVE"
"Skrivande","SVESKR0","Svenska","SVE"
"Svenska 1","SVESVE01","Svenska","SVE"
"Svenska 2","SVESVE02","Svenska","SVE"
"Svenska 3","SVESVE03","Svenska","SVE"
"Svenska för döva 1","SVNSVN01","Svenska för döva","SVN"
"Svenska för döva 2","SVNSVN02","Svenska för döva","SVN"
"Svenska för döva 3","SVNSVN03","Svenska för döva","SVN"
"Svenska som andraspråk 1","SVASVA01","Svenska som andraspråk","SVA"
"Svenska som andraspråk 2","SVASVA02","Svenska som andraspråk","SVA"
"Svenska som andraspråk 3","SVASVA03","Svenska som andraspråk","SVA"
"Svenskt teckenspråk – aktiv tvåspråkighet","SVKSVE0","Svenskt teckenspråk","SVK"
"Svenskt teckenspråk 1","SVKSVK01","Svenskt teckenspråk","SVK"
"Svenskt teckenspråk 2","SVKSVK02","Svenskt teckenspråk","SVK"
"Svenskt teckenspråk för hörande 1","SVTSVT01","Svenskt teckenspråk för hörande","SVT"
"Svenskt teckenspråk för hörande 2","SVTSVT02","Svenskt teckenspråk för hörande","SVT"
"Svenskt teckenspråk för hörande 3","SVTSVT03","Svenskt teckenspråk för hörande","SVT"
"Svenskt teckenspråk för hörande 4","SVTSVT04","Svenskt teckenspråk för hörande","SVT"
"Svenskt teckenspråk för hörande 5","SVTSVT05","Svenskt teckenspråk för hörande","SVT"
"Svenskt teckenspråk för hörande 6","SVTSVT06","Svenskt teckenspråk för hörande","SVT"
"Svenskt teckenspråk för hörande 7","SVTSVT07","Svenskt teckenspråk för hörande","SVT"
"Injusteringsteknik","SYSINJ0","Systemkunskap","SYS"
"Systemuppbyggnad","SYSSYT0","Systemkunskap","SYS"
"Värmelära","SYSVÄM0","Systemkunskap","SYS"
"Systemteknik – spårfordon","SYTSYS0","Systemteknik – spårfordon","SYT"
"Dramatik och dramaturgi","TEADRM0","Teater","TEA"
"Fysisk teater","TEAFYS0","Teater","TEA"
"Ljud och ljus","TEALJU00S","Teater","TEA"
"Regi","TEAREG0","Teater","TEA"
"Röst","TEARÖS0","Teater","TEA"
"Scenisk gestaltning 1","TEASCE01","Teater","TEA"
"Scenisk gestaltning 2","TEASCE02","Teater","TEA"
"Scenisk gestaltning 3","TEASCE03","Teater","TEA"
"Sceniskt karaktärsarbete","TEASCI0","Teater","TEA"
"Sceniskt karaktärsarbete – text","TEASCN0","Teater","TEA"
"Scenografi, mask och kostym","TEASCE00S","Teater","TEA"
"Teaterteori","TEATEA0","Teater","TEA"
"Teknik – specialisering","TEKTEK00S","Teknik","TEK"
"Teknik 1","TEKTEK01","Teknik","TEK"
"Teknik 2","TEKTEK02","Teknik","TEK"
"Komponenter och system el","TEYKOM3","Tekniska system – el","TEY"
"Projektering el 1","TEYPRO31","Tekniska system – el","TEY"
"Projektering el 2","TEYPRO32","Tekniska system – el","TEY"
"Komponenter och system VVS","TESKOP3","Tekniska system – VVS","TES"
"Projektering VVS 1","TESPRO31","Tekniska system – VVS","TES"
"Projektering VVS 2","TESPRO32","Tekniska system – VVS","TES"
"Brand- och ljudisolering","TEIBRA0","Teknisk isolering","TEI"
"Industriisolering","TEIINT0","Teknisk isolering","TEI"
"Kondensisolering","TEIKOD0","Teknisk isolering","TEI"
"VVS-isolering","TEIVVS0","Teknisk isolering","TEI"
"Ytbeklädnad – grund","TEIYTB0","Teknisk isolering","TEI"
"Tillverkningsunderlag 1","TILTIL01","Tillverkningsunderlag","TIL"
"Tillverkningsunderlag 2","TILTIL02","Tillverkningsunderlag","TIL"
"Tillämpad programmering","TIATIL00S","Tillämpad programmering","TIA"
"Trafikövervakning och signalsystem – spårfordon","TRFTRA0","Trafikövervakning och signalsystem – spårfordon","TRF"
"Fordonskombinationer – godstransporter","TRAFOR0","Transportteknik","TRA"
"Fordonskombinationer – persontransporter","TRAFOD0","Transportteknik","TRA"
"Yrkestrafik – vux","TRAYRK1","Transportteknik","TRA"
"Yrkestrafik 1a","TRAYRK01a","Transportteknik","TRA"
"Yrkestrafik 1b","TRAYRK01b","Transportteknik","TRA"
"Trav 1","TRVTRA01","Travkunskap","TRV"
"Trav 2","TRVTRA02","Travkunskap","TRV"
"Truckteknik","TRCTRU0","Truckteknik","TRC"
"Bygga i trä","TRÄBYG0","Trä","TRÄ"
"Timring","TRÄTIM0","Trä","TRÄ"
"Trä 1 – stommar","TRÄTRK01","Trä","TRÄ"
"Trä 2 – beklädnad","TRÄTRK02","Trä","TRÄ"
"Trä 3 – montage","TRÄTRK03","Trä","TRÄ"
"Trädgårdsanläggning – specialisering","TRDTRÄ00S","Trädgårdsanläggning","TRD"
"Trädgårdsanläggning 1","TRDTRÄ01","Trädgårdsanläggning","TRD"
"Trädgårdsanläggning 2","TRDTRÄ02","Trädgårdsanläggning","TRD"
"Trädgårdsmaskiner","TRSTRG0","Trädgårdsmaskiner","TRS"
"Trädgårdsodling","TRRTRA0","Trädgårdsodling","TRR"
"Trädgårdsodling – grönsaker, frukt och bär","TRRTRD0","Trädgårdsodling","TRR"
"Trädgårdsodling – plantskoleväxter","TRRTRG0","Trädgårdsodling","TRR"
"Trädgårdsodling – specialisering","TRRTRA00S","Trädgårdsodling","TRR"
"Träningslära 1","TRNTRN01","Träningslära","TRN"
"Träningslära 2","TRNTRN02","Träningslära","TRN"
"Tätskikt våtrum","TÄTTÄT0","Tätskikt våtrum","TÄT"
"Flygunderhåll","UNDFLY0","Underhållsteknik – flyg","UND"
"Materiallära – flyg","UNDMAT0","Underhållsteknik – flyg","UND"
"Utställningsdesign 1","UTSUTS01","Utställningsdesign","UTS"
"Utställningsdesign 2","UTSUTS02","Utställningsdesign","UTS"
"Utställningsdesign 3","UTSUTS03S","Utställningsdesign","UTS"
"Fiskodling 1","VANFIS01","Vattenbruk","VAN"
"Fiskodling 2","VANFIS02","Vattenbruk","VAN"
"Vattenbruk – grunder","VANVAT0","Vattenbruk","VAN"
"Vattenbruk – specialisering","VANVAE00S","Vattenbruk","VAN"
"Drift, underhåll, säkerhet och miljö","VAEDRT0","Vattenkraftteknik","VAE"
"Generatorer och transformatorer","VAEGEN0","Vattenkraftteknik","VAE"
"Hydraulik, kraftstationshydraulik och turbiner","VAEHYD0","Vattenkraftteknik","VAE"
"Kontrollanläggningar","VAEKOR0","Vattenkraftteknik","VAE"
"Vattenkraftstationer","VAEVAN0","Vattenkraftteknik","VAE"
"Dricksvatten","VATDRI0","Vatten- och miljöteknik","VAT"
"Rening av förorenat vatten","VATREN0","Vatten- och miljöteknik","VAT"
"Vatten- och miljöteknik","VATVAT0","Vatten- och miljöteknik","VAT"
"Vattenreningens mikrobiologi","VATVAR0","Vatten- och miljöteknik","VAT"
"Ventilationsisolering","VEIVEN0","Ventilation – installation","VEI"
"Ventilationsmontering 1","VEIVEN01","Ventilation – installation","VEI"
"Ventilationsmontering 2","VEIVEN02","Ventilation – installation","VEI"
"Ventilationsservice","VEIVET0","Ventilation – installation","VEI"
"Ventilationsplåtslageri 1","VELVET01","Ventilation – plåtslageri","VEL"
"Ventilationsplåtslageri 2","VELVET02","Ventilation – plåtslageri","VEL"
"Luftbehandling","VETLUF0","Ventilationsteknik","VET"
"Luftbehandlingsanläggningar","VETLUT0","Ventilationsteknik","VET"
"Luftbehandlingssystem","VETLUE0","Ventilationsteknik","VET"
"Luftströmning","VETLUS0","Ventilationsteknik","VET"
"Ventilationsteknik – injustering","VETVEL0","Ventilationsteknik","VET"
"Verkstad – spårfordon","VEAVER0","Verkstad – spårfordon","VEA"
"Verktygs- och materialhantering","VEKVEK0","Verktygs- och materialhantering","VEK"
"Visuell kommunikation","VISVIS0","Visuell kommunikation","VIS"
"Entreprenadteknik","VVIENT0","VVS – installation","VVI"
"Sanitetsteknik 1","VVISAN01","VVS – installation","VVI"
"Sanitetsteknik 2","VVISAN02","VVS – installation","VVI"
"VVS gassvetsning rör","VVIVVG0","VVS – installation","VVI"
"VVS svets och lödning rör","VVIVVS0","VVS – installation","VVI"
"VVS-teknik","VVIVVT0","VVS – installation","VVI"
"Värmeteknik 1","VVIVAR01","VVS – installation","VVI"
"Värmeteknik 2","VVIVAR02","VVS – installation","VVI"
"Våningsservice 1","VAIVAI01","Våningsservice","VAI"
"Våningsservice 2","VAIVAI02","Våningsservice","VAI"
"Våningsservice 3","VAIVAI03","Våningsservice","VAI"
"Vård och omsorg – specialisering","VADVAD00S","Vård och omsorg specialisering","VAD"
"Växtkunskap – fastighetsskötsel","VÄXVÄK0","Växtkunskap","VÄX"
"Växtkunskap 1","VÄXVÄX01","Växtkunskap","VÄX"
"Växtkunskap 2","VÄXVÄX02","Växtkunskap","VÄX"
"Odling av djurfoder","VAOODL0","Växtodling","VAO"
"Växtodling – specialisering","VAOVAT00S","Växtodling","VAO"
"Växtodling 1","VAOVAT01","Växtodling","VAO"
"Växtodling 2","VAOVAT02","Växtodling","VAO"
"Webbserverprogrammering 1","WESWEB01","Webbserverprogrammering","WES"
"Webbserverprogrammering 2","WESWEB02","Webbserverprogrammering","WES"
"Webbtjänster","WESWET3","Webbserverprogrammering","WES"
"Webbutveckling 1","WEUWEB01","Webbutveckling","WEU"
"Webbutveckling 2","WEUWEB02","Webbutveckling","WEU"
"Webbutveckling 3","WEUWEB33","Webbutveckling","WEU"
"Aerodynamik","YRKAER0","Yrkesteknik – flyg","YRK"
"Flyglagstiftning","YRKFLY0","Yrkesteknik – flyg","YRK"
"Mänskliga faktorer","YRKMAN0","Yrkesteknik – flyg","YRK"
"Yttre miljö – anläggningar","YTTYTT0","Yttre miljö","YTT"
"Yttre miljö – maskiner och verktyg","YTTYTR0","Yttre miljö","YTT"